{"cameraMode":{"drawMode":0,"name":"Shaded","section":"Shading Mode"},"sceneLighting":false,"audioPlay":false,"sceneViewState":{"m_AlwaysRefresh":false,"showFog":true,"showSkybox":false,"showFlares":true,"showImageEffects":true,"showParticleSystems":true,"showVisualEffectGraphs":true,"m_FxEnabled":true},"in2DMode":false,"pivot":{"x":15.589981079101563,"y":1.0210223197937012,"z":18.591655731201173},"rotation":{"x":0.009894208051264286,"y":0.9790622591972351,"z":-0.19732598960399629,"w":0.04910960793495178},"size":1.6044645309448243,"orthographic":false}